text,embedding
charlotte是个什么样的系统?charlotte是一个Saas系统，基于chart上扩展了流程设计功能,是chalotte16研发的。
怎么使用它的自定义流程设计?你需要根据你的业务需要先设计流程模板需要用到的动态表单，再根据bpmn规范设计流程模型，再在流程模型的开始节点和用户节点挂载自定义的动态表单。
怎么使用流程设计?遵循bpmn规范，根据业务需求保留了开始节点、用户节点、服务节点、排他网关、并行网关、包容网关等元素，根据用户的需求使用这些元素绘制流程模型
charlotte使用了什么权限设计吗?charlotte的权限主要有三部分，分别是租户层面的租户隔离、菜单接口层面的菜单权限、分配用户的组织数据权限
charlotte的用户密码有要求吗?有字数限制和强密码校验
流程设计有什么特点?对用户节点的办理人，我们封装了用户、角色、组织、自定义关系等四个维度，支持让用户把用户节点分配给抽象的用户群体
你们项目是谁做的?charlotte是charlotte16做的
charlotte有什么设计缺陷虽然旨在简化用户操作，但是绘制流程模型和设计动态表单还是有难度，对于初次接触的用户还是有一定门槛，尽管我们在流程模型的设计提交上做了校验提示出错的配置。这个问题，在后续的版本我们上了AI导绘会有很大好转
动态表单是什么?流程实例流转到某个用户时需要用户处理的内容，比如设计请假流程，要给请假人提供一个请假的表单用于填写，要给审批的人员提供一个请假审批的表单用于查看请假内容和填写审批
接口服务是什么?我们对原生的接口服务节点进行了封装，方便用户使用，预提供了一些接口，比如发送短信、发送站内信的接口，用户在配置接口服务节点的时候，只需要勾选上预提供的接口即可完成想要流程实例执行的功能